,BUSINESS_NAME,Business_link,Business_address
1,DT Interiors,https://www.yellowpages.com.au/nsw/liverpool/dt-interiors-12734790-listing.html,"Interior Designers, Liverpool, NSW 2170"
2,Carly Scheidl Interiors,https://www.yellowpages.com.au/sa/mt-gambier/carly-scheidl-interiors-15070297-listing.html,"Interior Designers, Mt Gambier, SA 5290"
3,Accent On Colour,https://www.yellowpages.com.au/qld/bundaberg/accent-on-colour-13258228-listing.html,"Interior Designers, Bargara, QLD 4670"
4,Preston Hunter Interiors,https://www.yellowpages.com.au/nsw/somersby/preston-hunter-interiors-14565053-listing.html,"Interior Designers, Somersby, NSW 2250"
5,Beadles,https://www.yellowpages.com.au/qld/toowoomba/beadles-1000002312570-listing.html,"Interior Designers, East Toowoomba, QLD 4350"
6,Lulu Design,https://www.yellowpages.com.au/sa/heathpool/lulu-design-14375241-listing.html,"Interior Designers, Heathpool, SA 5068"
7,Inside Interior Design,https://www.yellowpages.com.au/nsw/port-macquarie/inside-interior-design-14631370-listing.html,"Interior Designers, Port Macquarie, NSW 2444"
8,Indigo Interior Design,https://www.yellowpages.com.au/vic/cape-paterson/indigo-interior-design-1000002629871-listing.html,"Interior Designers, Cape Paterson, VIC 3995"
9,Walter Brooke & Associates,https://www.yellowpages.com.au/sa/adelaide/walter-brooke-associates-13837077-listing.html,"Interior Designers, Adelaide, SA 5000"
10,Hodgkison,https://www.yellowpages.com.au/sa/adelaide/hodgkison-13884733-listing.html,"Interior Designers, Adelaide, SA 5000"
11,J C Interior Ideas (Judi Laycock),https://www.yellowpages.com.au/qld/runaway-bay/j-c-interior-ideas-judi-laycock-14851793-listing.html,"Interior Designers, Runaway Bay, QLD 4216"
12,Excellence In Design,https://www.yellowpages.com.au/vic/drouin/excellence-in-design-14910911-listing.html,"Interior Designers, Drouin, VIC 3818"
13,Hatch Design & Construction,https://www.yellowpages.com.au/vic/inverloch/hatch-design-construction-1000002341318-listing.html,"Interior Designers, Inverloch, VIC 3996"
14,Catherine Henderson Interior Designs,https://www.yellowpages.com.au/act/weston-creek/catherine-henderson-interior-designs-12529721-listing.html,"Interior Designers, Weston Creek, ACT 2611"
15,MGA Studios,https://www.yellowpages.com.au/vic/hastings/mga-studios-15386939-listing.html,"Interior Designers, Hastings, VIC 3915"
16,Archertec Interiors Pty Ltd,https://www.yellowpages.com.au/act/kingston/archertec-interiors-pty-ltd-15751625-listing.html,"Interior Designers, Kingston, ACT 2604"
17,Eighty 8 Interior Designs,https://www.yellowpages.com.au/qld/helensvale/eighty-8-interior-designs-1000002120791-listing.html,"Interior Designers, Helensvale, QLD 4212"
18,Design 2 Build,https://www.yellowpages.com.au/vic/warrnambool/design-2-build-1000002144493-listing.html,"Interior Designers, Warrnambool, VIC 3280"
19,Forwalls Art & Picture Hanging,https://www.yellowpages.com.au/qld/southport/forwalls-art-picture-hanging-1000002344147-listing.html,"Interior Designers, Southport, QLD 4215"
20,PMG Design,https://www.yellowpages.com.au/vic/canterbury/pmg-design-1000002368751-listing.html,"Interior Designers, Canterbury, VIC 3126"
21,MotzDesigns,https://www.yellowpages.com.au/qld/cleveland/motzdesigns-1000002077609-listing.html,"Interior Designers, Cleveland, QLD 4163"
22,LJ Elements,https://www.yellowpages.com.au/sup/lj-elements-1000002074383-listing.html,"Interior Designers, Ellenbrook, WA 6069"
23,Design & Diplomacy,https://www.yellowpages.com.au/vic/collingwood/design-diplomacy-1000002170969-listing.html,"Interior Designers, Collingwood, VIC 3066"
24,DSdezines Interiors,https://www.yellowpages.com.au/vic/macleod/dsdezines-interiors-1000002232897-listing.html,"Interior Designers, Macleod, VIC 3085"
25,Designphase Australia,https://www.yellowpages.com.au/vic/south-melbourne/designphase-australia-12161159-listing.html,"Interior Designers, South Melbourne, VIC 3205"
26,Feather&Lawry Design,https://www.yellowpages.com.au/qld/toowoomba/featherlawry-design-12591923-listing.html,"Interior Designers, Toowoomba City, QLD 4350"
27,Akkan Design,https://www.yellowpages.com.au/sa/northgate/akkan-design-14197863-listing.html,"Interior Designers, Northgate, SA 5085"
28,Desired Effects Interiors,https://www.yellowpages.com.au/vic/bendigo/desired-effects-interiors-14506386-listing.html,"Interior Designers, Bendigo, VIC 3550"
29,Gary Hamer Interior Design,https://www.yellowpages.com.au/qld/brisbane/gary-hamer-interior-design-14692841-listing.html,"Interior Designers, Brisbane City, QLD 4000"
30,Eje Architecture,https://www.yellowpages.com.au/nsw/newcastle-west/eje-architecture-15097104-listing.html,"Interior Designers, Newcastle West, NSW 2302"
31,Aspect Architects & Project Managers,https://www.yellowpages.com.au/qld/toowoomba/aspect-architects-project-managers-15405266-listing.html,"Interior Designers, Toowoomba City, QLD 4350"
32,Studio Collective,https://www.yellowpages.com.au/qld/maroochydore/studio-collective-15523310-listing.html,"Interior Designers, Maroochydore, QLD 4558"
33,Love Your Space Renovations,https://www.yellowpages.com.au/vic/scoresby/love-your-space-renovations-1000002685619-listing.html,"Interior Designers, Scoresby, VIC 3179"
34,Ashburton Design,https://www.yellowpages.com.au/sa/highgate/ashburton-design-12879419-listing.html,"Interior Designers, Highgate, SA 5063"
35,Trojan Horse Interiors Pty Ltd,https://www.yellowpages.com.au/wa/subiaco/trojan-horse-interiors-pty-ltd-12892647-listing.html,"Interior Designers, Subiaco, WA 6008"
