,Name,Profile,Website
1,César Hernández Lloret,https://www.trainingpeaks.com/coach/chlendurance,
2,César Hernández Lloret,https://www.trainingpeaks.com/coach/chlendurance,
3,Crystal Anthony,https://www.trainingpeaks.com/coach/crystaljanthony,http://www.crystaljanthony.com/
4,Crystal Anthony,https://www.trainingpeaks.com/coach/crystaljanthony,http://www.crystaljanthony.com/
5,Cristina Caldwell,https://www.trainingpeaks.com/coach/cristinacaldwell,https://outfrontmultisport.com/
6,Cristina Caldwell,https://www.trainingpeaks.com/coach/cristinacaldwell,https://outfrontmultisport.com/
7,Craig Cecil,https://www.trainingpeaks.com/coach/coachcraig-pkperformers-triathlon-ironmancoach,http://pkperformers.com/
8,Craig Cecil,https://www.trainingpeaks.com/coach/coachcraig-pkperformers-triathlon-ironmancoach,http://pkperformers.com/
9,Colin Ward,https://www.trainingpeaks.com/coach/tried-tested-coaching,https://www.triedandtestedcyclecoaching.com/
10,Colin Ward,https://www.trainingpeaks.com/coach/tried-tested-coaching,https://www.triedandtestedcyclecoaching.com/
11,Colin Batchelor,https://www.trainingpeaks.com/coach/colinbatchelor,http://www.totalcyclecoach.com/
12,Colin Batchelor,https://www.trainingpeaks.com/coach/colinbatchelor,http://www.totalcyclecoach.com/
13,Coach TJ Vandehey,https://www.trainingpeaks.com/coach/vandehey,
14,Coach TJ Vandehey,https://www.trainingpeaks.com/coach/vandehey,
15,Clive Boulton,https://www.trainingpeaks.com/coach/boultonperformance,http://www.boultonrunning.com/
16,Clive Boulton,https://www.trainingpeaks.com/coach/boultonperformance,http://www.boultonrunning.com/
17,Clayton Fettell,https://www.trainingpeaks.com/coach/claytonfettell,
18,Clayton Fettell,https://www.trainingpeaks.com/coach/claytonfettell,
19,Claudiu Beletoiu,https://www.trainingpeaks.com/coach/claudiubeletoiusif,https://peregrinetraining.eu/
20,Claudiu Beletoiu,https://www.trainingpeaks.com/coach/claudiubeletoiusif,https://peregrinetraining.eu/
21,Clare Zecher,https://www.trainingpeaks.com/coach/clarezechercoaching,http://clarezechercoaching.com/
22,Clare Zecher,https://www.trainingpeaks.com/coach/clarezechercoaching,http://clarezechercoaching.com/
23,Clare Pearson,https://www.trainingpeaks.com/coach/trailrunning-clarepearson,http://endurancebikeandrun.com/
24,Clare Pearson,https://www.trainingpeaks.com/coach/trailrunning-clarepearson,http://endurancebikeandrun.com/
25,Claire Nott,https://www.trainingpeaks.com/coach/summitperformance,http://www.summitperformance.co.uk/
26,Claire Nott,https://www.trainingpeaks.com/coach/summitperformance,http://www.summitperformance.co.uk/
27,Cirdei Alin,https://www.trainingpeaks.com/coach/alincirdei,https://www.alincirdei.com/
28,Cirdei Alin,https://www.trainingpeaks.com/coach/alincirdei,https://www.alincirdei.com/
29,Christopher Burnham,https://www.trainingpeaks.com/coach/burnhamcoaching,http://burnhamcoaching.com/contact/
30,Christopher Burnham,https://www.trainingpeaks.com/coach/burnhamcoaching,http://burnhamcoaching.com/contact/
31,Christine Schirtzinger,https://www.trainingpeaks.com/coach/christineschirtzinger,http://www.t2coaching.net/
32,Christine Schirtzinger,https://www.trainingpeaks.com/coach/christineschirtzinger,http://www.t2coaching.net/
33,Christina Dorrer,https://www.trainingpeaks.com/coach/christinadorrer,https://endurance2perform.com/
34,Christina Dorrer,https://www.trainingpeaks.com/coach/christinadorrer,https://endurance2perform.com/
35,Chris Wallace,https://www.trainingpeaks.com/coach/team-tcc,http://www.tccendurance.com/
36,Chris Wallace,https://www.trainingpeaks.com/coach/team-tcc,http://www.tccendurance.com/
37,Chris Soper,https://www.trainingpeaks.com/coach/soperperformance,https://www.facebook.com/SoperPerformanceCoaching
38,Chris Soper,https://www.trainingpeaks.com/coach/soperperformance,https://www.facebook.com/SoperPerformanceCoaching
39,Chris Murray,https://www.trainingpeaks.com/coach/cyclingcoachchris,http://www.youtube.com/@cyclingcoachchris
40,Chris Murray,https://www.trainingpeaks.com/coach/cyclingcoachchris,http://www.youtube.com/@cyclingcoachchris
41,Chris Johnston,https://www.trainingpeaks.com/coach/cjjohnston,http://www.instagram.com/cj_totaltri/
42,Chris Johnston,https://www.trainingpeaks.com/coach/cjjohnston,http://www.instagram.com/cj_totaltri/
43,Chris Hanrahan,https://www.trainingpeaks.com/coach/chrishanrahan-pb3,http://www.pb3.com.au/
44,Chris Hanrahan,https://www.trainingpeaks.com/coach/chrishanrahan-pb3,http://www.pb3.com.au/
45,Chris Hague,https://www.trainingpeaks.com/coach/cjcoaching,http://www.eindride.co.uk/
46,Chris Hague,https://www.trainingpeaks.com/coach/cjcoaching,http://www.eindride.co.uk/
47,Chris Decker,https://www.trainingpeaks.com/coach/chrisdecker-triworx-coaching,http://triworx-coaching.com/
48,Chris Decker,https://www.trainingpeaks.com/coach/chrisdecker-triworx-coaching,http://triworx-coaching.com/
49,Chris Bucciarelli,https://www.trainingpeaks.com/coach/antelopecoaching,https://antelopecoaching.com/
50,Chris Bucciarelli,https://www.trainingpeaks.com/coach/antelopecoaching,https://antelopecoaching.com/
51,Chas Hodgdon,https://www.trainingpeaks.com/coach/chas,
52,Chas Hodgdon,https://www.trainingpeaks.com/coach/chas,
53,"Charles Kyle, USAC Level 1",https://www.trainingpeaks.com/coach/kylecoaching,https://kylecoaching.com/
54,"Charles Kyle, USAC Level 1",https://www.trainingpeaks.com/coach/kylecoaching,https://kylecoaching.com/
55,Charles Hui,https://www.trainingpeaks.com/coach/charleshui,http://sonicsports.org.hk/
56,Charles Hui,https://www.trainingpeaks.com/coach/charleshui,http://sonicsports.org.hk/
57,Celia Boothman IRONMAN U Certified Coach: British Triathlon Certified: Women are Not Small Men,https://www.trainingpeaks.com/coach/triathlon-coach-lovetherain,http://www.ltrcoaching.co.uk/
58,Celia Boothman IRONMAN U Certified Coach: British Triathlon Certified: Women are Not Small Men,https://www.trainingpeaks.com/coach/triathlon-coach-lovetherain,http://www.ltrcoaching.co.uk/
59,Carrie McCusker,https://www.trainingpeaks.com/coach/carriemccusker,http://www.pbmcoaching.com/
60,Carrie McCusker,https://www.trainingpeaks.com/coach/carriemccusker,http://www.pbmcoaching.com/
61,Carrie Ellwood,https://www.trainingpeaks.com/coach/coach-carrie,
62,Carrie Ellwood,https://www.trainingpeaks.com/coach/coach-carrie,
63,Carolyn Schepler,https://www.trainingpeaks.com/coach/evolve-running,http://evolvehealthandwellness.com/
64,Carolyn Schepler,https://www.trainingpeaks.com/coach/evolve-running,http://evolvehealthandwellness.com/
65,Caroline Steffen-Murray,https://www.trainingpeaks.com/coach/caroline-steffen-murray,https://www.koasportscoaching.com/
66,Caroline Steffen-Murray,https://www.trainingpeaks.com/coach/caroline-steffen-murray,https://www.koasportscoaching.com/
67,Cameron Goins,https://www.trainingpeaks.com/coach/cjgoins,
68,Cameron Goins,https://www.trainingpeaks.com/coach/cjgoins,
69,Bryce MK Hudson,https://www.trainingpeaks.com/coach/bmkhcoaching,https://portal.dubsado.com/public/form/view/67f30f0aa1cdd2003a3739b4
70,Bryce MK Hudson,https://www.trainingpeaks.com/coach/bmkhcoaching,https://portal.dubsado.com/public/form/view/67f30f0aa1cdd2003a3739b4
71,Brian Passenti,https://www.trainingpeaks.com/coach/altitudeendurancecoaching,https://www.altitudeendurancecoaching.com/about
72,Brian Passenti,https://www.trainingpeaks.com/coach/altitudeendurancecoaching,https://www.altitudeendurancecoaching.com/about
73,Brian Musum,https://www.trainingpeaks.com/coach/brianmusum,https://www.youtube.com/@BreakawayB
74,Brian Musum,https://www.trainingpeaks.com/coach/brianmusum,https://www.youtube.com/@BreakawayB
75,Brian McCulloch,https://www.trainingpeaks.com/coach/bigwheelbrian,http://www.bigwheelcoaching.com/
76,Brian McCulloch,https://www.trainingpeaks.com/coach/bigwheelbrian,http://www.bigwheelcoaching.com/
77,Brian Lariviere,https://www.trainingpeaks.com/coach/bjlcoaching,http://www.bjlcoaching.com/
78,Brian Lariviere,https://www.trainingpeaks.com/coach/bjlcoaching,http://www.bjlcoaching.com/
79,Brett Jenner,https://www.trainingpeaks.com/coach/brettjenner,
80,Brett Jenner,https://www.trainingpeaks.com/coach/brettjenner,
81,Breno Melo & Heidi Wu,https://www.trainingpeaks.com/coach/coreendurancecoaching,https://coreendurancecoaching.com/
82,Breno Melo & Heidi Wu,https://www.trainingpeaks.com/coach/coreendurancecoaching,https://coreendurancecoaching.com/
83,Brendan Cochrane,https://www.trainingpeaks.com/coach/hcb-multisport-coaching,https://yourmultisportcoach.com.au/
84,Brendan Cochrane,https://www.trainingpeaks.com/coach/hcb-multisport-coaching,https://yourmultisportcoach.com.au/
85,Brady Irwin - BS Kinesiology - Science of Speed,https://www.trainingpeaks.com/coach/bradyirwin,http://www.scienceofspeed.org/
86,Brady Irwin - BS Kinesiology - Science of Speed,https://www.trainingpeaks.com/coach/bradyirwin,http://www.scienceofspeed.org/
87,Brad Zartman,https://www.trainingpeaks.com/coach/zartman,http://zartmancoaching.com/
88,Brad Zartman,https://www.trainingpeaks.com/coach/zartman,http://zartmancoaching.com/
89,Bob Lyons,https://www.trainingpeaks.com/coach/bob-lyons,http://www.ardoyneperformance.com/
90,Bob Lyons,https://www.trainingpeaks.com/coach/bob-lyons,http://www.ardoyneperformance.com/
91,"Bob Hanson,",https://www.trainingpeaks.com/coach/rjhcoach,https://www.bobtri.co.uk/
92,"Bob Hanson,",https://www.trainingpeaks.com/coach/rjhcoach,https://www.bobtri.co.uk/
93,Bill Beecher,https://www.trainingpeaks.com/coach/billbeecher,http://beecherperformancecoaching.com/
94,Bill Beecher,https://www.trainingpeaks.com/coach/billbeecher,http://beecherperformancecoaching.com/
95,Beth Andrew,https://www.trainingpeaks.com/coach/bethandrew,http://www.fullcirclesquad.com/
96,Beth Andrew,https://www.trainingpeaks.com/coach/bethandrew,http://www.fullcirclesquad.com/
97,Berny Sánchez,https://www.trainingpeaks.com/coach/betraining,https://www.instagram.com/betraining_?igsh=MTkzYzR3aWcwNm1tdg==
98,Berny Sánchez,https://www.trainingpeaks.com/coach/betraining,https://www.instagram.com/betraining_?igsh=MTkzYzR3aWcwNm1tdg==
99,Benson Langat,https://www.trainingpeaks.com/coach/coachbenson,https://bensanecoaching.com/
100,Benson Langat,https://www.trainingpeaks.com/coach/coachbenson,https://bensanecoaching.com/
101,Benjamin Treble,https://www.trainingpeaks.com/coach/bennyslab,https://www.bennyslab.com/
102,Benjamin Treble,https://www.trainingpeaks.com/coach/bennyslab,https://www.bennyslab.com/
103,Benjamin Day,https://www.trainingpeaks.com/coach/daybydaycoaching-benday,http://www.daybydaycoaching.com/
104,Benjamin Day,https://www.trainingpeaks.com/coach/daybydaycoaching-benday,http://www.daybydaycoaching.com/
105,Ben Griffin,https://www.trainingpeaks.com/coach/bgcoaching,https://sansego.sansego.co/coach-ben-copy/
106,Ben Griffin,https://www.trainingpeaks.com/coach/bgcoaching,https://sansego.sansego.co/coach-ben-copy/
107,Ben Cunnington,https://www.trainingpeaks.com/coach/gritmetrics,https://www.grit-metrics.co.uk/
108,Ben Cunnington,https://www.trainingpeaks.com/coach/gritmetrics,https://www.grit-metrics.co.uk/
109,Bell Lap Coaching,https://www.trainingpeaks.com/coach/steveweller,http://www.belllapcoaching.com/
110,Bell Lap Coaching,https://www.trainingpeaks.com/coach/steveweller,http://www.belllapcoaching.com/
111,Bec Fear,https://www.trainingpeaks.com/coach/bethefear,https://www.bethefear.com.au/
112,Bec Fear,https://www.trainingpeaks.com/coach/bethefear,https://www.bethefear.com.au/
113,Bassel Kanounji,https://www.trainingpeaks.com/coach/baz,http://basselkanounji.com/
114,Bassel Kanounji,https://www.trainingpeaks.com/coach/baz,http://basselkanounji.com/
115,Bart Cooymans,https://www.trainingpeaks.com/coach/cooymansperformance-bart,http://www.cooymansperformance.nl/
116,Bart Cooymans,https://www.trainingpeaks.com/coach/cooymansperformance-bart,http://www.cooymansperformance.nl/
117,Bart Baars,https://www.trainingpeaks.com/coach/tna,https://thenewathlete.nl/
118,Bart Baars,https://www.trainingpeaks.com/coach/tna,https://thenewathlete.nl/
119,Barbara Kreijtz,https://www.trainingpeaks.com/coach/mtbtraining,http://mtbtraining.nl/
120,Barbara Kreijtz,https://www.trainingpeaks.com/coach/mtbtraining,http://mtbtraining.nl/
121,Austin Newblom,https://www.trainingpeaks.com/coach/newblom,http://3000feetcoaching.com/
122,Austin Newblom,https://www.trainingpeaks.com/coach/newblom,http://3000feetcoaching.com/
123,Artur Barsumyan,https://www.trainingpeaks.com/coach/drbarsumyan,https://enjoythehard.com/
124,Artur Barsumyan,https://www.trainingpeaks.com/coach/drbarsumyan,https://enjoythehard.com/
125,Anthony James,https://www.trainingpeaks.com/coach/anthonyjames,https://simpleendurancecoaching.com/
126,Anthony James,https://www.trainingpeaks.com/coach/anthonyjames,https://simpleendurancecoaching.com/
127,Anna Waechtershauser,https://www.trainingpeaks.com/coach/annaw,https://www.personal-coaching-anna.com/
128,Anna Waechtershauser,https://www.trainingpeaks.com/coach/annaw,https://www.personal-coaching-anna.com/
129,Angie Sturtevant,https://www.trainingpeaks.com/coach/angiesturtevant,
130,Angie Sturtevant,https://www.trainingpeaks.com/coach/angiesturtevant,
131,Angelo Delgado,https://www.trainingpeaks.com/coach/adcoaching1,
132,Angelo Delgado,https://www.trainingpeaks.com/coach/adcoaching1,
133,Andy Turner,https://www.trainingpeaks.com/coach/atpperformance,https://atpperformance.uk/
134,Andy Turner,https://www.trainingpeaks.com/coach/atpperformance,https://atpperformance.uk/
135,Andy Green,https://www.trainingpeaks.com/coach/andy-green-53,
136,Andy Green,https://www.trainingpeaks.com/coach/andy-green-53,
137,Andrew Simmons,https://www.trainingpeaks.com/coach/andrewsimmons,http://www.lifelongendurance.com/
138,Andrew Simmons,https://www.trainingpeaks.com/coach/andrewsimmons,http://www.lifelongendurance.com/
139,Andrew Roche,https://www.trainingpeaks.com/coach/wattsupperformance,http://wattsupperformance.com/
140,Andrew Roche,https://www.trainingpeaks.com/coach/wattsupperformance,http://wattsupperformance.com/
141,Andrew Nash,https://www.trainingpeaks.com/coach/triathlon-coach-andy,https://www.perform-iq.com.au/
142,Andrew Nash,https://www.trainingpeaks.com/coach/triathlon-coach-andy,https://www.perform-iq.com.au/
143,Andrejs Birjukovs,https://www.trainingpeaks.com/coach/andrejs-birjukovs,https://theathleteblog.com/running-triathlon-coaching/
144,Andrejs Birjukovs,https://www.trainingpeaks.com/coach/andrejs-birjukovs,https://theathleteblog.com/running-triathlon-coaching/
145,Alyssa (AJ) Morrison,https://www.trainingpeaks.com/coach/coachaj,http://www.multisportinmotion.com/
146,Alyssa (AJ) Morrison,https://www.trainingpeaks.com/coach/coachaj,http://www.multisportinmotion.com/
147,Alison Smith,https://www.trainingpeaks.com/coach/sunshine-multisport-coaching,http://www.sunshinemultisport.com/
148,Alison Smith,https://www.trainingpeaks.com/coach/sunshine-multisport-coaching,http://www.sunshinemultisport.com/
149,Alison Freeman,https://www.trainingpeaks.com/coach/alisonfreeman,http://nyxendurance.com/
150,Alison Freeman,https://www.trainingpeaks.com/coach/alisonfreeman,http://nyxendurance.com/
151,Alexander Linn,https://www.trainingpeaks.com/coach/trialinn,http://www.trialinn.de/
152,Alexander Linn,https://www.trainingpeaks.com/coach/trialinn,http://www.trialinn.de/
153,Alexander Eigner,https://www.trainingpeaks.com/coach/aecoaching,http://www.aecoaching.at/
154,Alexander Eigner,https://www.trainingpeaks.com/coach/aecoaching,http://www.aecoaching.at/
155,Alex Hill,https://www.trainingpeaks.com/coach/hillperformancecoaching,https://hillperformance.coach/
156,Alex Hill,https://www.trainingpeaks.com/coach/hillperformancecoaching,https://hillperformance.coach/
157,Alejandro Renales Prieto,https://www.trainingpeaks.com/coach/alejandrorenales,https://www.instagram.com/alejandro_renales/
158,Alejandro Renales Prieto,https://www.trainingpeaks.com/coach/alejandrorenales,https://www.instagram.com/alejandro_renales/
159,Alastair Semple,https://www.trainingpeaks.com/coach/semple,http://alastairsemplecoaching.co.uk/
160,Alastair Semple,https://www.trainingpeaks.com/coach/semple,http://alastairsemplecoaching.co.uk/
161,Alan Trejo,https://www.trainingpeaks.com/coach/tri-long-distance-alan,
162,Alan Trejo,https://www.trainingpeaks.com/coach/tri-long-distance-alan,
163,Alan Chorley PhD,https://www.trainingpeaks.com/coach/alanchorley,http://www.powerlabcoaching.co.uk/
164,Alan Chorley PhD,https://www.trainingpeaks.com/coach/alanchorley,http://www.powerlabcoaching.co.uk/
165,Aitor Valdivieso,https://www.trainingpeaks.com/coach/doctorvatio,https://doctorvatio.com/
166,Aitor Valdivieso,https://www.trainingpeaks.com/coach/doctorvatio,https://doctorvatio.com/
167,Agustin Vega-Crespo,https://www.trainingpeaks.com/coach/av-endurance,
168,Agustin Vega-Crespo,https://www.trainingpeaks.com/coach/av-endurance,
169,Adam Suhayda,https://www.trainingpeaks.com/coach/adam-suhayda,https://endurance-equation.com/
170,Adam Suhayda,https://www.trainingpeaks.com/coach/adam-suhayda,https://endurance-equation.com/
171,Adam Holz,https://www.trainingpeaks.com/coach/adamkholz,https://www.instagram.com/forgeperformancecoach/
172,Adam Holz,https://www.trainingpeaks.com/coach/adamkholz,https://www.instagram.com/forgeperformancecoach/
173,Adam Hodges,https://www.trainingpeaks.com/coach/adamhodges,https://alpfitness.com/
174,Adam Hodges,https://www.trainingpeaks.com/coach/adamhodges,https://alpfitness.com/
175,Adam Henderson,https://www.trainingpeaks.com/coach/pedaltoprogression,http://www.pedaltoprogression.com/
176,Adam Henderson,https://www.trainingpeaks.com/coach/pedaltoprogression,http://www.pedaltoprogression.com/
177,Adam D'Agostino,https://www.trainingpeaks.com/coach/nextleveltraining,http://www.njfitness.org/
178,Adam D'Agostino,https://www.trainingpeaks.com/coach/nextleveltraining,http://www.njfitness.org/
179,Absolute Motion,https://www.trainingpeaks.com/coach/absolute-motion,http://www.absolutemotion.co.za/
180,Absolute Motion,https://www.trainingpeaks.com/coach/absolute-motion,http://www.absolutemotion.co.za/
181,Abigail Snyder,https://www.trainingpeaks.com/coach/ride-fierce-racing,https://ridefierceracing.com/coaching/
182,Abigail Snyder,https://www.trainingpeaks.com/coach/ride-fierce-racing,https://ridefierceracing.com/coaching/
183,Abdulla Al-Jabri,https://www.trainingpeaks.com/coach/fennecathletics,http://abdullajabri.com/
184,Abdulla Al-Jabri,https://www.trainingpeaks.com/coach/fennecathletics,http://abdullajabri.com/
185,Abdelrahman Yasser Farag,https://www.trainingpeaks.com/coach/abdelrahmanyasserfarag,https://www.instagram.com/coachayf/?hl=en
186,Abdelrahman Yasser Farag,https://www.trainingpeaks.com/coach/abdelrahmanyasserfarag,https://www.instagram.com/coachayf/?hl=en
187,Abby Ruby Crew,https://www.trainingpeaks.com/coach/balancedpowercoaching,http://www.balancedpowercoaching.com/
188,Abby Ruby Crew,https://www.trainingpeaks.com/coach/balancedpowercoaching,http://www.balancedpowercoaching.com/
189,Aaron Verstraete,https://www.trainingpeaks.com/coach/velocoachbe,https://www.velocoach.be/
190,Aaron Verstraete,https://www.trainingpeaks.com/coach/velocoachbe,https://www.velocoach.be/
191,- Paul M Johnson -,https://www.trainingpeaks.com/coach/paul-m-johnson-andiamo,https://www.andiamoai.com/
192,- Paul M Johnson -,https://www.trainingpeaks.com/coach/paul-m-johnson-andiamo,https://www.andiamoai.com/
193,- Kent Cross -,https://www.trainingpeaks.com/coach/kentcross,http://www.kentcross.com/
194,- Kent Cross -,https://www.trainingpeaks.com/coach/kentcross,http://www.kentcross.com/
195,- Jaap Koetsier -,https://www.trainingpeaks.com/coach/jaap-koetsier,https://www.instagram.com/jaap.koetsier/
196,- Jaap Koetsier -,https://www.trainingpeaks.com/coach/jaap-koetsier,https://www.instagram.com/jaap.koetsier/
197,"* Jon Baker, Ph.D",https://www.trainingpeaks.com/coach/palmares,http://www.palmares.co.uk/
198,"* Jon Baker, Ph.D",https://www.trainingpeaks.com/coach/palmares,http://www.palmares.co.uk/
199,-- Tim Ballintine --,https://www.trainingpeaks.com/coach/timballintine,http://www.koasports.com.au/
200,-- Tim Ballintine --,https://www.trainingpeaks.com/coach/timballintine,http://www.koasports.com.au/
