,IMG_LINK
1,https://www.motortrend.com/cars/bmw/2-series
2,https://www.motortrend.com/cars/bmw/4-series
3,https://www.motortrend.com/cars/bmw/4-series/2024
4,https://www.motortrend.com/cars/bmw/8-series/2026
5,https://www.motortrend.com/cars/bmw/8-series
6,https://www.motortrend.com/cars/bmw/8-series/2024
7,https://www.motortrend.com/cars/bmw/m2/2026
8,https://www.motortrend.com/cars/bmw/m2
9,https://www.motortrend.com/cars/bmw/m4
10,https://www.motortrend.com/cars/bmw/2-series-gran-coupe/2026
11,https://www.motortrend.com/cars/bmw/2-series-gran-coupe
12,https://www.motortrend.com/cars/bmw/3-series-2026
13,https://www.motortrend.com/cars/bmw/3-series
14,https://www.motortrend.com/cars/bmw/3-series/2024
15,https://www.motortrend.com/cars/bmw/5-series/2026
16,https://www.motortrend.com/cars/bmw/5-series
17,https://www.motortrend.com/cars/bmw/7-series
18,https://www.motortrend.com/cars/bmw/i4/2026
19,https://www.motortrend.com/cars/bmw/i4
20,https://www.motortrend.com/cars/bmw/i5/2026
21,https://www.motortrend.com/cars/bmw/i5
22,https://www.motortrend.com/cars/bmw/i7
23,https://www.motortrend.com/cars/bmw/m3
24,https://www.motortrend.com/cars/bmw/m3/2024
25,https://www.motortrend.com/cars/bmw/m5
26,https://www.motortrend.com/cars/bmw/m5/2025
27,https://www.motortrend.com/cars/bmw/ix
28,https://www.motortrend.com/cars/bmw/ix/2025
29,https://www.motortrend.com/cars/bmw/ix3/2027
30,https://www.motortrend.com/cars/bmw/x1
31,https://www.motortrend.com/cars/bmw/x2
32,https://www.motortrend.com/cars/bmw/x3
33,https://www.motortrend.com/cars/bmw/x5/2026
34,https://www.motortrend.com/cars/bmw/x5
35,https://www.motortrend.com/cars/bmw/x6/2026
36,https://www.motortrend.com/cars/bmw/x6
37,https://www.motortrend.com/cars/bmw/x6/2024
38,https://www.motortrend.com/cars/bmw/x7/2026
39,https://www.motortrend.com/cars/bmw/x7
40,https://www.motortrend.com/cars/bmw/xm/2026
41,https://www.motortrend.com/cars/bmw/xm
42,https://www.motortrend.com/cars/bmw/xm/2024
43,https://www.motortrend.com/cars/bmw/z4/2026
44,https://www.motortrend.com/cars/bmw/z4
