,Doctor_Name
1,Robert Hunter II
2,Shane Lipskind
3,Lauren Bishop
4,Jason M. Franasiak
5,Kenan Omurtag
6,Lynda Wolf
7,Eric Forman
8,Gihan Bareh
9,Molina Dayal
10,Jason Kofinas
11,Michael Murray
12,Lowell Ku
13,Kenneth Gelman
14,Ursula Balthazar
15,George Patounakis
16,Banafsheh Kashani
17,Jonathan Kort
18,Diana Chavkin
19,Joshua Stewart
20,Lyndon Chang (OB/GYN)
21,Erik Mazur
22,Michele Cho
23,Rene Allen
24,Meir Olcha
25,Adrienne Neithardt
26,Anish Shah
27,Ashley Wiltshire
28,Levica Narine
29,John Csokmay
30,Marcus Rosencrantz
31,Rick Buyalos
32,Jaimin Shah
33,Nola Herlihy
34,Yetunde Ibrahim
35,Brian Levine
36,Eric Flisser
37,Mohamad Irani
38,Michael Traub
39,Jie Deng
40,Obehi Asemota
41,Paul Bergh
42,Barry Donesky
43,Emelia Bachman
44,John Kuo
45,Julio Pabon
46,Daniel Kaser
47,Marcy Maguire
48,Tiffany D. Justice
49,Josh Skorupski
50,Scot Hutchison
51,Elie Hobeika
52,Thomas Kim
53,Priyanka Ghosh
54,Mousa Shamonki
55,Jennifer Blakemore
56,Satu Kuokkanen
57,Charalampos Chatzicharalampous
58,Catha Fischer
59,Kaylen Silverberg
60,Bill Meyer
61,Megan Link
62,Miguel Damien
63,Fady Sharara
64,Drew Tortoriello
65,Lucky Sekhon
66,Antonio Gargiulo
67,Abigail Armstrong
68,Andrew Levi
69,Karine Chung
70,Juergen Eisermann
71,Thomas Fisher
72,Ellen Goldstein
73,Aimee Eyvazzadeh
74,Malinda Lee
75,Joshua Hurwitz
76,Sara Pittenger-Reid
77,Amber Cooper
78,Shvetha Zarek
79,Joseph Pena
80,Jenna Friedenthal
81,Yelena Dondik
82,Eduardo Hariton
83,Shannon DeVore
84,Gary Hubert
85,Nigel Pereira
86,Christopher Williams
87,Jessica Kresowik
88,Sinem Karipcin
89,Nina Vyas
90,Thomas Molinaro
91,Alex Robles
92,Holly Mehr
93,Alyaa Elassar
94,Lindsay Wells
95,Rani Fritz
96,Preston Parry (OB/GYN)
97,Isela Robertshaw
98,Gabriel Garzo
99,Eli Rybak
100,Daniel Kort
101,Jeffrey Wang
102,NeeOo Chin
103,Mamie McLean
104,Paula Brady
105,David Reichman
106,C. Terence Lee
107,Christine Mansfield
108,Rachel Ashby
109,"Maureen ""Moe"" Schulte"
110,Richard Grazi
111,Erin Lewis
112,Oumar Kuzbari
113,Lauren Alexandra Rubal
114,Mary Hinckley
115,Sarah Paschall (OB/GYN)
116,Randall Hines
117,Leah Schenk
118,John Crochet
119,Miriam Krause
120,Peter Uzelac
121,Richard Schmidt
122,George Kofinas
123,Janet Bruno-Gaston
124,Victor Beshay
125,Nicole Yoder
126,Candice O'Hern Perfetto
127,Laura Londra
128,Amin Milki
129,Harry Hatasaka
130,Mark Amols
131,Karen Lee
132,Fangyin Meng
133,Jenna Turocy
134,Ryan Riggs
135,Annette Lee
136,Zev Rosenwaks
137,Daniel Shapiro
138,Brianna Schumacher
139,Christina Mitchell
140,Joseph Martin
141,Taraneh Nazem
142,Colleen Milroy
143,Heather Hipp
144,Laura Lawrence
145,Ijeoma Okeigwe
146,Anupama Kathiresan
147,Marie Werner
148,Sandy Chuan
149,Angela Kelley
150,John Frattarelli
151,Deborah Wachs
152,Arnold Mahesan
153,Monica Pasternak
154,Bradley Hurst
155,Eric Levens
156,Sarah C. Hessler
157,Bansari (Bonnie) Patel
158,Lisa Cookingham
159,Michael Putman
160,Jim Toner
161,Ramya Sethuram
162,Neil Chappell
163,Pavna Brahma
164,Mark Payson
165,William Alexander Freije
166,Zev Williams
167,Zaraq Khan
168,Jacques Stassart
169,Rachel Mandelbaum
170,Janet Choi
171,Max Ezzati
172,Sara Vaughn
173,Emily Osman
174,Julie Rhee
175,Leah Bressler
176,Larisa Gavrilova-Jordan
177,Sarah Cascante
178,Tamer Yalcinkaya
179,Janet Bouknight
180,Owen Davis
181,Mika Thomas
182,Sasha Hakman
183,Vinay Gunnala
184,Tibor Polcz
185,Sejal Patel
186,Brooke Rossi
187,William Kutteh
188,Robert Kaufmann
189,Barry Witt
190,Shaun Williams
191,Kolbe Hancock
192,Jessica Scotchie
193,Joseph Doyle
194,Erica Bove (Mahany)
195,Warren “Jay” Huber III
196,Kevin Maas
197,James Nodler
198,Nicole Ulrich
199,Angie Wang
200,John Isaacs
