,CompanyName,FirstName,LastName
1,Danny Ayres Auctioneers,Danny,Ayres
2,Apex Realty & Auction,Bryan,Ayers
3,Aycock Auction,Russell,Aycock
4,Jason Aycock Auctioneering,Jason,Aycock
5,A-Team Realty,Isaiah,Ayala
6,Axels Auction,Brett,Axel
7,Anchor Auction Sales LLC,Ronald,Avinger
8,"K&L Liquidations and Sales, LLC",Carlos,Avila
9,ReCycle NEO Auctions,Roy,Avery
10,Auction Wallstreet,Souren,Avakiants
11,Neosurf,Neosurf,Australia
12,justcasino,JustCasino,Australia
13,JackpotJill,JackpotJill,Australia
14,Austins Auction,Ray,Austin
15,Austin Auction Service,Ralph,Austin
16,Old Southwest Auctions Inc.,Brad,Austin
17,"Aumann Auctions, Inc.",Kurt,Aumann
18,Dennis Aumann Auction Service,Dennis,Aumann
19,"Ruhter Auction & Realty, Inc.",Travis,Augustin
20,Chris AuFrance Auctioneer,Chris,AuFrance
21,Awsum Auctionz LLC,Awsum,Auctionz
22,TRF Auctions,TRF,Auctions
23,SJD Auctions,SJD,Auctions
24,"SHOCKWAVE AUCTIONS, LLC",SHOCKWAVE,AUCTIONS
25,Seeck Auctions,Seeck,Auctions
26,Richmond Auctions,Richmond,Auctions
27,Quad City Auctions,Quad,City
28,Premier Collectible Auctions,Premier,Auctions
29,Pot of Gold Estate Auctions,Pot,of
30,"Pass it On Auctions ll,inc",Pass,it
31,Merit Auctions,Merit,Auctions
32,Iowa Surplus Auctions,Matt,Auctions
33,Marquee Liquidation Services LLC,Marquee,Auctions
34,Maltz Auctions Inc.,Maltz,Auctions
35,Magnum Auctions,Magnum,Auctions
36,"G Bar Auctions, LLC",GBar,"Auctions,"
37,"Evolve Auctions, LLC",Evolve,"Auctions,"
38,Lane Ryan Auctions,Lane,Ryan
39,KOSER AUCTIONS,KOSER,AUCTIONS
40,KENSINGTON ESTATE AUCTIONS,Kensington,Auctions
41,Fisher Auctions,Fisher,Auctions
42,Exit59 Auctions,Exit59,Auctions
43,Cordier Auctions,Cordier,Auctions
44,Coach House Auctions - Encheres Diligence,Coach,House
45,Charter Oak Coin Auctions,Charter,Oak
46,BIG DOG AUCTIONS,BIG,DOG
47,Aumann Auctions Inc.,Aumann,Auctions
48,Arrow Auctions and Retail Company,Arrow,Auctions
49,Americana Auctions,Americana,Auctions
50,"Absolute Auctions & Realty, Inc.",Absolute,Auctions
51,A Touch of Class Auctions,A,Touch
52,Kaufman Realty & Auctions of Kidron,Kaufman,Realty
53,Virginia Auctioneers Association,Virginia,Auctioneers
54,PAWN & SEIZURE ENFORCEMENT LIVE AUCTIONEERS OF AMERICA,SEIZURE,ENFORCEMENT
55,Rolex Pawn & Seizure Auction Specialists,Rolex,Auctioneers
56,Mountaineer Auctioneers,Mountaineer,Auctioneers
57,MOUNTAIN AUCTIONEERS,MOUNTAIN,AUCTIONEERS
58,LOOMIS GROUP AUCTIONEERS,LOOMIS,AUCTIONEERS
59,Jackson's International Auctioneers and Appraisers,Jackson's,Auctioneers
60,Horst Auctioneers,Horst,Auctioneers
61,"Freije & Freije Auctions & Marketing, LLC",Freije,Auctioneers
62,Associated Auctioneers,Associated,Auctioneers
63,Associated Auctioneers,Associated,Auctioneers
64,Vero Beach Auction,Vero,Beach
65,Sunset Auction,Sunset,Auction
66,Shipshewana Auction,Shipshewana,Auction
67,Old Red Barn Auction,OLD,RED
68,Montgomery Auction,Montgomery,Auction
69,Kleinfelter's Auction Inc.,Kleinfelter's,Auction
70,Kimballs Auction & Estate Services,Kimballs,Auction
71,Hall's Todd Auction,HALL\'S,TODD
72,Grindstaff's Auction Marketing Group LLC,Grindstaff,Auction
73,"Granny's Auction House, Inc",Granny's,Auction
74,Estate Auctioneer,Estate,Auctioneer
75,Dargate Auction Gallery LLC.,Dargate,Auction
76,"Briggs Auction, Inc.",Briggs,Auction
77,BB Realty and Auctions,BB,Realty
78,The Archive Auction,Archive,Auction
79,Anchor Auction LLC,Anchor,Auction
80,Alderfer Auction,Alderfer,Auction
81,"Spencer Team, Crye-Leike Auctions",Spencer,Auction
82,Strachan Auction Services,Strachan,Auction
83,JD Auction Services LLC,Jd,Auction
84,Hanna Auction Services,Hanna,Auction
85,Beiler-Campbell Auction Services,Beiler-Campbell,Auction
86,Bay Area Auction Services,Bay,Area
87,MILLNER's AUCTION SERVICE,MILLNER's,AUCTION
88,Cole's Auction Service LLC,Cole's,Auction
89,M.E.M. auction house,M.E.M.,Auction
90,D & S AUCTION SERVICE,D,&
91,JONES AUCTION HOUSE LLC,JONES,AUCTION
92,"Carolina Auction House, LLC",CAROLINA,AUCTION
93,Quinn's Auction Galleries,Quinn's,Auction
94,Freedom Auction Company,FREEDOM,AUCTION
95,Martin Auction Co.,Martin,Auction
96,Elite Auction Co,Elite,Auction
97,River City Auction,wade,atkinson
98,Atkinson Auction Service,Mark,Atkinson
99,"Atkinson Realty and Auction, Inc.",Mark,Atkinson
100,MIssouri Land and Farm,Dave,Atkinson
101,Construction Clearance,Julia,Atiyeh
102,Showplace Antique & Design Center,Auctions,At
103,,Sam,Astin
104,BH AA STOCK INC,David,Assis
105,Asselmeier May Auctions,Sally,Asselmeier-May
106,A & M Antique Auctions,Tom,&
107,Cornerstone Realty and Auction,Deonica,Asbery
108,caring transitions of chapel hill,andrew,asaro
109,Grandview Art & Auctions,Grandview,Art
110,Paris Auction House,Daniel,Reavis
111,Seneca Storage,Ariana,Arsenault
112,N T Arrington-Auctioneer,Nick,Arrington
113,Aron Auctions,Nicholas,Aron
114,Bid to win,James,Arnott
115,William R. Arnold & Associates,William,Arnold
116,"William R. Arnold, Auctioneer",William,Arnold
117,Down South Auctions,Ron,Arnold
118,Ridge Estate Services,Patrick,Arnold
119,none,ANTHONY,ARNEY
120,"DEAN R. ARNER AUCTIONEER, LLC",DEAN,ARNER
121,All Points Auction House,Rodger,L.
122,Cajun Fleamarket & Auction,David,Arnaud
123,,Steve,Armstrong
124,Claystrong Enterprises,Clayton,Armstrong
125,Col. Bud Armstrong,Bud,Armstrong
126,Armentrout Auctions,Dexter,Armentrout
127,Arling Auctioneers LLC.,Frank,Arling
128,Hereafter Auctions & Appraisals,Jenna,Ariola-Johnson
129,Rainbow Traders Auction,Dennis,Arbeiter
130,Fleetwood Auction Company,Jack,Arak
131,MACKEY'S AUCTION AND MORE,Ashley,April
132,A.C.& E. Auctions and Appraisals,William,Antonacceo
133,ANTON AUCTION SERVICE,DAVID,ANTON
134,TOM'S AUCTIONS & APPRAISALS,Ruth,Perry
135,Unique Antiques of Connecticut,Unique,Antiques
136,Orion Antiques,Orion,Antiques
137,Antiques & Modern Auction Gallery,Modern,Antiques
138,bull farm antiques,bull,Antiques
139,ANTIQUE ROVERS,JEREMY,B
140,"Peter Anthony, Auctioneer",Peter,Anthony
141,"the Midwest Auctioneers, LLC",Lora,Anstine
142,Anstine Auction LLC,Jared,Anstine
143,Anglins Auction Service,Jeff,Anglin
144,James Angeloff Auctioneer,James,Angeloff
145,US WEAPONS AUCTION . COM,Dwight,Angel
146,"Andrews Auctioneers, LLC",Steve,&
147,4Corner-Records,Landon,Andrews
148,Andrews And Andrews Appraisers & Auctioneers,Daniel,&
149,AndrewJahnAuctions.com (AmericanAuctionAssociates),JAHN,Andrew
150,Andreas & Associates Auctioneering & Appraisals,Scott,Andreas
151,Andis Auction Co.,Shane,Andis
152,Anderson Auctions LLC,Ronald,Anderson
153,ABINGDON AUTO AUCTION,MICHAEL,ANDERSON
154,Anderson Auction Service,Lance,Anderson
155,Grandpas Estate Sales & Auctions,Eddie,Anderson
156,ANDERSON AUCTIONEERS / A Full Service Auction Company,Don,P.
157,Anderson Auction Group LLC,Chase,Anderson
158,Bill Anderson Auctioneers LLC,Bill,Anderson
159,Bill Anderson and Associates Auctioneers,Bill,Anderson
160,The old mill estate liquidators,Albert,Anderson
161,Anders Auction and Realty LLC,Joshua,Anders
162,"Traditions Auction Company, LLC",Danny,Hall
163,Basinger Auction Service,J.Paul,Basinger
164,Black and Gold Auctions,Black,And
165,Rogers Realty and Auction Co.,Rogers,Realty
166,Marbug Auctions,Adam,Amspacher
167,"Marvin G. Amsley, Auctioneer",Marvin,Amsley
168,Amonett's Eagle Auction & Realty,Lee,Amonett
169,Infinity Asset Solutions Inc.,Leslie,Amoils
170,Ammons' Auction (Closed),Johnathan,Ammons
171,Ammons Auctions,Benjamin,Ammons
172,Amlin & Associates Auction Services,Jack,"Amlin,"
173,Eaves Realty & Auction Co./KW,Bill,Alward
174,"Antique Acquisitions,LLC",Stu,Altman
175,Altiser Auction and Appraisal,Kris,Altiser
176,chad alsip auctions,chad,alsip
177,Shield & Gavel - Auctions and Appraisals,Robert,Almodovar
178,Cole Almany Auctions and Estates LLC,Cole,Almany
179,cole Almany Auctions and Estates,Cole,Almany
180,Allums Auction House,Larry,Allums
181,Allmans Auction,Terry,Allman
182,Jacquie M. Allison,Jacquie,M.
183,Grubstake Auction,Jacques,Alleva
184,Allen's Auction,Zachary,Allen
185,Rock Auction Gallery,Teresa,Allen
186,Allen's Auction House,Rodney,Allen
187,Allen's Auctions Inc.,Norman,Allen
188,Allen Auction and Real Estate Service LLC,Kyle,Allen
189,Allen Auction Service,Jerry,Allen
190,Jay Allen Auction Service,Jay,Allen
191,HTF AUCTION SERVICES,Gary,Allen
192,Emmit Allen Auctioneer,Emmit,Allen
193,"A&M Auctioneers & Appraisers, LLC",Dave,Allen
194,Bill Allen Auction Service,Bill,Allen
195,Alexandria Auctions LLC,Auctions,Alexandria
196,3 b's enterprise,will,alexander
197,RTC Auction Services LLC,Timothy,Alexander
198,"RARE Auction Group, Inc.",Robert,Alexander
199,Alexander Auctions & Real Estate Sales,Marvin,Alexander
200,John Alexander Auctions,John,Alexander
201,Alexander and Galloway Auction Company,David,Alexander
202,Counts Auction Group,Christian,Alexander
203,AlestraAuctions.com,Dennis,Alestra
204,Ales Auction Services,Ronnie,Ales
205,Johnny Aldridge Auctions,Johnny,Aldridge
206,Kickin A Auctions,Bill,Aldinger
207,Alderman Auction,Richard,Alderman
208,florida machinery auction llc,mahmoud,aldeeb
209,Shane Albright Auctions,Shane,Albright
210,Albrecht Auction - BidNow.us,Dave,Albrecht
211,Mike Albert Auctioneer,Michael,Albert
212,Hurbrows Auction,Donna,Hurley
213,Alaimo Auctions,Joe,Alaimo
214,"Americana Real Estate & Auctions, LLC",Todd,Akridge
215,Geyer Auction Companies,Mark,Akins
216,Akiba Antiques,Jonathan,Akiba
217,Karen's Dollhouse Shop,Karen,Aird
218,Randy J. Aiken,Randy,Aiken
219,"Ahrens Auction, LLC",Dennis,Ahrens
220,"World Wide Auction Group, Dallas Online Auction Company",Phillip,Ahodges
221,"Ron Kirby, Inc.",Karol,Kirby
222,Ahlers & Ogletree Inc.,Robert,Ahlers
223,"Agnew Auction & Realty, Inc.",Kelly,Agnew
224,Lincoln Way Auction,Terry,Agin
225,Adkins Auction Service,Ron,and
226,Aderholdt Auctions and Tag Sales,David,Aderholdt
227,Another Addison Auction,Wayne,Addison
228,Addison & Sarova Auctioneers,Michael,Addison
229,Another Addison Auction,Kyle,Addison
230,Adcock Auctions,Clark,Adcock
231,Paulo Adams Auction Services,Paulo,Adams
232,Michigan Flywheelers Museum,Jason,Adams
233,Adams Brothers Auctions,Darrell,Adams
234,ARTHUR AUCTION GALLERY,Arthur,Adams
235,AMA Auction & Sales,Allen,Acosta
236,"Vault 13 Antiques, Collectibles, & More",Vault,ACM
237,Acker Auction Service,Jed,Acker
238,"ATLAS Real Estate, Auction, & Appraisal Services",Josh,Abner
239,Ea Auctioneers & Auctions fl2050,Eddie,Ables
240,Abernathy Auction & Real Estate,Terry,C.
241,Triple States Family Auction Services llc,Thomas,G
242,Abbotts Auction,Robert,Abbott
243,Caring Transitions of Greater Worcester,Joseph,Abbascia
244,MV Auction Center (MVAC),Mark,Abare
